video_path,description
Ads\Automobile Ads\Ad1_30Sec_Vechicle.mp4,"The video shows a man and a woman sitting in the back seat of a car, with the man driving the vehicle.Ъ. The woman is wearing a seat belt and appears to be enjoying the ride. The car is moving along a road, and the woman is looking out the window, observing the surroundings. The man is also looking out the window, but his attention is focused on the road ahead. The car is moving at a moderate speed, and the woman seems to be relaxed and comfortable in the back seat. The video captures a moment of leisure and enjoyment for the two passengers as they travel together."
Ads\Automobile Ads\Ad2_30Sec_Vechicle.mp4,"The video features a red sports car driving down a street at night... The car is seen from the front, and it appears to be moving at a high speed. The car is also seen from the side, and it is moving in the same direction as the camera. The car is driving on a road with other vehicles, including a truck, and the street is well-lit. The car is moving at a fast pace, and the driver seems to be enjoying the ride. The video captures the excitement and thrill of driving at high speeds, and the car's red color stands out against the dark background. Overall, the video showcases the car's performance and the driver's skill in navigating the road at night."
Ads\Automobile Ads\Ad3_30Sec_Vechicle.mp4,The video features a man driving a car on a highway.
Ads\Automobile Ads\Ad4_30Sec_Vechicle.mp4,"The video features a man standing next to a red sports car, which is parked in a garage.Ъ. The man is wearing a black shirt and is positioned in front of the car. He is holding a yellow cloth and appears to be cleaning the car. The car is parked on a concrete surface, and there are several red fire hydrants placed around it. The fire hydrants are positioned at various distances from the car, with some closer to the car and others further away. The scene suggests that the man is either cleaning the car or preparing it for a car show."
Ads\Automobile Ads\Ad5_30Sec_Vechicle.mp4,The video features a white Toyota Fortuner SUV driving down a road.
Ads\Automobile Ads\Ad6_30Sec_Vechicle.mp4,"The video features a silver Volkswagen car driving down a road with trees on either side..Ъ The car is moving at a steady pace, and the camera captures the car's movement from behind. The car is seen from a distance, and the road appears to be a two-lane highway. The car's headlights are on, and the road is well-lit, making it easy to see the car's movement. The video provides a clear view of the car's exterior, including its shape, color, and size. The car's position on the road is also visible, as it is moving in the same direction as the camera. Overall, the video showcases the car's movement on a well-lit highway, providing a clear view of the car's exterior and its position on the road."
Ads\Automobile Ads\1min Car\Audi A6 supercharged.mp4,"The video features a man dressed in a black suit and helmet, who is lying on the ground with his arms and legs outstretched.Ъ.. He appears to be in a motion-capture suit, which is a type of specialized clothing designed to capture the wearer's movements for use in computer-generated animation or other visual effects. The man's suit is equipped with sensors that track his movements, allowing for precise control and manipulation of his character in the animation. The suit is likely used for creating realistic and lifelike animations, as it captures the wearer's movements and translates them into the character's actions. The man's suit is designed to provide a high level of accuracy and control, making it an essential tool for animators and visual effects artists."
Ads\Automobile Ads\1min Car\Cybertruck Features.mp4,"The video shows a car driving through a large puddle of water, which is created by a water pump.Ъ. The car is seen driving through the water, and the camera captures the scene from the perspective of the car's windshield. The water pump is located on the side of the road, and the car is driving through it, creating a large puddle of water. The video provides a unique perspective of the car driving through the water, and the water pump is clearly visible in the background. The video captures the moment of the car driving through the water, and the viewer can see the water splashing around the car as it moves through the puddle. Overall, the video showcases a unique and interesting scene of a car driving through a water pump, creating a large puddle of water."
Ads\Automobile Ads\1min Car\Jewel Residences 60.mp4,"The video showcases a luxurious and spacious living room with a woman sitting on a couch.Ъ.. The room is well-lit, and the woman is wearing a black bikini. The living room is furnished with a couch, a dining table, and a chair. The woman is sitting on the couch, and there is a potted plant in the room. The room is decorated with a vase and a bowl, and there is a book on the table. The woman is wearing a necklace, and the room has a large window that allows natural light to enter. The video is a promotional advertisement for a luxury living room, showcasing the room's features and the woman's attire."
Ads\Automobile Ads\1min Car\JK Tyre Brand Film - 60 seconds.mp4,"The video shows a man and a woman standing in a field, with the man holding a cell phone.Ъ. The woman is wearing a red shirt and is smiling, while the man is wearing a black shirt. The man is holding the cell phone in his hand, and the woman is looking at it. The field appears to be a large open space with no visible obstacles or structures. The man and woman seem to be enjoying their time together, possibly taking a break from their daily routine or engaging in a leisurely activity. The video captures a moment of connection and relaxation between the two individuals."
Ads\Automobile Ads\1min Car\MARUTI SUZUKI SWIFT TVC (60 sec).mp4,"The video features a red car driving down a road, with the words ""The Tribe"" written on the road... The car is seen driving down the road, and the words ""The Tribe"" are written on the road. The car is moving at a fast pace, and the words ""The Tribe"" are written on the road. The car is moving at a fast pace, and the words ""The Tribe"" are written on the road. The car is moving at a fast pace, and the words ""The Tribe"" are written on the road. The car is moving at a fast pace, and the words ""The Tribe"" are written on the road. The car is moving at a fast pace, and the words ""The Tribe"" are written on the road. The car is moving at a fast pace, and the words ""The Tribe"" are written on"
Ads\Automobile Ads\1min Car\New 2013 Ford Mustang Commercial 60sec Advertisement   Automobile.mp4,The video features a young girl walking down the street while pulling a suitcase behind her..Ъ
Ads\Automobile Ads\1min Car\Suzuki. Good Different. _ 60 Secs.mp4,"The video features a woman standing in front of a car, holding a piece of paper.Ъе. She then proceeds to throw the paper onto the car, which is parked in a garage. The woman appears to be in a playful mood, as she seems to be enjoying herself while performing this action. The car is parked in a garage, and the woman is standing in front of it, which suggests that she is in a controlled environment. The video seems to be a lighthearted moment captured on camera, with the woman engaging in a simple yet amusing activity."
Ads\Automobile Ads\1min Car\The all new Volkswagen Tiguan_60sec.mp4,The video shows a man and a woman driving a red Volkswagen Tiguan SUV down a road.Ъ
Ads\Automobile Ads\1min Car\videoplayback.mp4,"The video shows a woman standing on the side of the road, waving at a car that is driving by.Ъ"
Ads\Inception Movie Ads\Ad10_30sec_Sports.mp4,"The video features a man wearing boxing gloves who is practicing his boxing skills in a gym.Ъ. He is seen throwing punches and kicks, showcasing his dedication to the sport. The man is also seen wearing a black shirt and shorts, which are typical attire for boxing and other combat sports. The gym setting provides a suitable environment for the man to hone his skills and improve his technique. The video highlights the man's commitment to his training and his passion for boxing."
Ads\Inception Movie Ads\Ad11_30sec_Tour Operator.mp4,"The video features a beach scene with a man and a woman walking on the sand.Ъ. The man is wearing a backpack, and the woman is carrying a handbag. They are both walking towards the water, enjoying the beautiful beach scenery. The beach is lined with palm trees, and the sun is shining brightly in the sky. The couple seems to be enjoying their time together, taking in the beautiful surroundings. The video captures the serene and peaceful atmosphere of the beach, making it an ideal place for relaxation and leisure."
Ads\Inception Movie Ads\Ad12_30sec_Property.mp4,"The video showcases a beautiful beach setting with a group of people enjoying their time near the water.Ъ. The beach is lined with umbrellas and chairs, providing shade and seating for the visitors. The people are seen sitting on the chairs, relaxing and enjoying the view. The umbrellas are scattered throughout the beach, providing shade for those who want to escape the sun. The beach is also lined with palm trees, adding to the tropical ambiance. The video captures the essence of a perfect day at the beach, with people enjoying the sun, sand, and water."
Ads\Inception Movie Ads\Ad13_60sec_Property.mp4,"The video showcases a city skyline at night, with a large clock tower towering over the city.Ъ"
Ads\Inception Movie Ads\Ad14_60sec_Vehicle.mp4,The video shows a man and a woman driving a red Volkswagen Tiguan SUV down a road.Ъ
Ads\Inception Movie Ads\Ad15_60sec_Property.mp4,"The video shows a family gathered around a dining table, enjoying a meal together.Ъе"
Ads\Inception Movie Ads\Ad16_60sec_Airline.mp4,"The video features a woman sitting in an airplane seat, looking out the window.Ъ. She is observing a man walking on the tarmac, carrying a suitcase. The woman appears to be watching the man as he walks by the airplane. The scene is set in an airport, with the airplane visible in the background. The woman's attention is focused on the man, and she seems to be observing his actions. The video captures a moment of interest and curiosity, as the woman watches the man on the tarmac."
Ads\Inception Movie Ads\Ad17_60sec_Sports.mp4,"The video shows a group of people running down a street, with one man in a blue jacket leading the pack.Ъ. The man in the blue jacket is running with his arms outstretched, and the other runners are following closely behind him. The scene is lively and energetic, with the runners moving quickly and efficiently. The man in the blue jacket appears to be in the lead, and the other runners are following closely behind him. The video captures the excitement and energy of the runners as they make their way down the street."
Ads\Inception Movie Ads\Ad18_60sec_Tour Operator.mp4,"The video features a man and a woman standing on a dock, with the man holding a fishing pole.Ъ. The woman is wearing a white dress and a red skirt, while the man is wearing a blue shirt. They are both smiling and appear to be enjoying their time together. The dock is surrounded by water, and there are several boats visible in the background. The man and woman seem to be posing for a picture, capturing a moment of their time spent together."
Ads\Inception Movie Ads\Ad19_60sec_Pillow.mp4,"The video features a man and a woman in a bedroom, with the man lying on a bed and the woman standing next to him.Ъ. The man is holding a pillow, and the woman is holding a pillow as well. The man is seen talking to the camera, and the woman is seen holding a pillow. The video seems to be promoting a pillow brand, as the man is holding a pillow and the woman is holding a pillow as well. The video is shot in a bedroom, and the man and woman are the main focus of the video. The video seems to be promoting the pillow brand, and the man is seen talking to the camera, while the woman is holding a pillow. The video is shot in a bedroom, and the man and woman are the main focus of the video."
Ads\Inception Movie Ads\Ad1_30sec_Mattress.mp4,"The video shows a man lying on a bed with his head on a pillow.Ъ. He is wearing a black jacket and has a beard. The bed is positioned in the center of the room, and there are two lamps on either side of the bed. The room has a blue wall and a white lamp on the left side. The man appears to be relaxed and comfortable in his bed."
Ads\Inception Movie Ads\Ad20_60sec_Vehicle.mp4,The video features a silver car driving down a road with a bridge in the background..Ъ
Ads\Inception Movie Ads\Ad2_60sec_Mattress.mp4,"The video features a woman lying on a bed in a bedroom, with a large window overlooking the ocean.Ъе. The bed is covered with a white sheet and a white pillow, and the woman is wearing a white robe. The room has a large bed and a couch, and the woman is lying on the bed with her head on a pillow. The ocean view is visible through the window, and the woman appears to be enjoying the view. The video seems to be a relaxing and peaceful scene, with the woman taking a break from her daily routine to enjoy the beautiful ocean view."
Ads\Inception Movie Ads\Ad3_30sec_Beer.mp4,"The video features two men sitting on a bench in a desert-like setting.Ъе. They are wearing hats and sunglasses, and one of them is holding a beer. The men are sitting on a bench in the middle of the desert, and the sky is blue with a few clouds. The video seems to be a casual and relaxed moment between friends, enjoying each other's company and the beautiful surroundings."
Ads\Inception Movie Ads\Ad4_60sec_Beer.mp4,The video features a group of people walking through a city at night..Ъ
Ads\Inception Movie Ads\Ad5_30Sec_Vechicle.mp4,"The video features a man standing next to a red sports car, which is parked in a garage.Ъ. The man is wearing a black shirt and is positioned in front of the car. He is holding a yellow cloth and appears to be cleaning the car. The car is parked on a concrete surface, and there are several red fire hydrants placed around it. The fire hydrants are positioned at various distances from the car, with some closer to the car and others further away. The scene suggests that the man is either cleaning the car or preparing it for a car show."
Ads\Inception Movie Ads\Ad6_30sec_Property.mp4,"The video features a young boy sitting on a couch, holding a toothbrush in his mouth.Ъ. He is wearing a white shirt and blue pants, and there is a potted plant in the background. The boy is positioned in front of a window, and the room appears to be well-lit. The video seems to be a casual and relaxed moment captured on camera."
Ads\Inception Movie Ads\Ad7_30sec_Airline.mp4,"The video features a woman wearing a suit and tie, standing in front of a large Ethiopian jet.Ъе. She is talking to the camera, possibly discussing the airline or its services. The jet is visible in the background, emphasizing the importance of the airline in the conversation. The woman's attire suggests that she might be a representative or employee of the airline, discussing its offerings or promoting its services. The video aims to showcase the airline's presence and the woman's role in it."
Ads\Inception Movie Ads\Ad8_30sec_Vehicle.mp4,"The video features a man standing next to a red sports car, which is parked in a garage..Ъе"
Ads\Inception Movie Ads\Ad9_30sec_Pillow.mp4,"The video features a woman sitting on a bed, holding a pillow and smiling.Ъ. She is surrounded by a variety of pillows, including a large white pillow and a smaller white pillow. The woman appears to be in a relaxed and comfortable setting, possibly in a bedroom or a hotel room. The bed is the main focus of the video, with the woman sitting on it and the pillows surrounding her. The video seems to be a casual and intimate moment, with the woman enjoying her time on the bed."
Ads\Property Ads\Ad1_30sec_Property.mp4,"The video features a young boy sitting on a couch, holding a toothbrush in his mouth.Ъ. He is wearing a white shirt and blue pants, and there is a potted plant in the background. The boy is positioned in front of a window, and the room appears to be well-lit. The video seems to be a casual and relaxed moment captured on camera."
Ads\Property Ads\Ad2_30sec_Property.mp4,"The video features a man standing in front of a building, wearing a suit and tie..Ъ"
Ads\Property Ads\Ad3_30sec_Property.mp4,"The video features a woman standing in front of a large building, which is the Union Luxury Apartments.Ъ. The building is lit up at night, and the woman is wearing a white dress. She is standing in front of a large pool, which is located in the middle of the building. The pool is surrounded by a beautiful garden, and the building itself is quite large and impressive. The woman appears to be enjoying the view of the pool and the surrounding area. The video seems to be promoting the luxury apartments, showcasing the beautiful architecture and the amenities that come with living in such a building."
Ads\Property Ads\Ad4_30sec_Property.mp4,"The video features a man and a woman playing soccer in a yard.Ъе. The man is seen kicking the ball while the woman is standing nearby. The scene is set in a yard with a house in the background. The man and woman seem to be enjoying their time playing soccer, and the video captures the fun and active nature of the game."
Ads\Property Ads\Ad5_30sec_Property.mp4,"The video features a man in a suit standing in front of a large screen, which displays a globe.Ъ. The man is talking about Premier Estate Properties, and the screen displays the company's logo. The video then shows a series of images of properties, including a house with a pool, a house with a large yard, and a house with a driveway. The man continues to talk about the company and its properties, emphasizing their quality and exclusivity. The video aims to showcase the company's offerings and attract potential clients interested in luxury real estate."
Ads\Property Ads\Housing.com- Home Renter Ad.mp4,"The video shows two women standing in an office setting, with one of them holding a cell phone.Ъ. The woman holding the phone is showing the other woman something on the screen, possibly a message or a photo. The office environment includes a desk with a laptop and a chair nearby. The women appear to be engaged in a conversation or sharing information with each other. The video captures a moment of interaction and communication between the two individuals in a professional setting."
Ads\Property Ads\realEstimate™ _ TV Commercial _ Spring 2023 _ realestate.com.au.mp4,"The video features a man standing outside a house, holding a cell phone in his hand.Ъ. He appears to be engaged in a conversation or checking his phone. The house is surrounded by a beautiful garden with a variety of plants and trees, creating a serene and peaceful atmosphere. The man seems to be enjoying the outdoor setting while using his phone. The scene is a perfect representation of a relaxed and comfortable environment, where one can unwind and connect with nature."
Ads\Property Ads\Television Commercial - Real Estate Developer Branding.mp4,"The video features a woman standing on a beach, holding a yellow flower in her hand..Ъ"
Ads\Property Ads\videoplayback.mp4,"The video features a woman standing on a dock, holding a paintbrush and painting a picture of swans on the water.Ъ. The woman is wearing a red shirt and is surrounded by a beautiful view of the water and the swans. The video captures the serene and peaceful atmosphere of the scene, with the woman's artistic expression adding a touch of creativity to the natural beauty of the surroundings. The video showcases the woman's talent and passion for painting, as well as the beauty of the swans and the water."
Ads\Property Ads\1min Property\60 Second Commercial for Sellers.mp4,"The video features a man wearing a suit and tie, who is talking on his cell phone.Ъе. He is standing in front of a computer screen, which is displaying a network of people. The man appears to be engaged in a conversation with someone on the other end of the line. The network of people on the computer screen suggests that the man might be discussing a business or professional matter with someone from a different location. The man's attire and the presence of the computer screen indicate that he is in a professional setting. The video captures a moment of communication and collaboration in a modern work environment."
Ads\Property Ads\1min Property\City Gate Singapore _ New Launch _ Commercial Property _ Show Flat _ Location.mp4,"The video features a woman with long hair standing in front of a city skyline.. The woman is wearing a black dress and has a serious expression on her face. She is standing in front of a large building, which is part of the city skyline. The skyline is visible in the background, with the woman being the main focus of the video. The woman's hair is long and flowing, and she appears to be looking off into the distance. The city skyline in the background adds to the overall ambiance of the video, creating a sense of depth and scale."
Ads\Property Ads\1min Property\Funny Realtor TV Commercial - Pemberton Homes.mp4,"The video shows a group of people standing outside a house, shaking hands with each other.Ъ. The group consists of three individuals, with one person on the left, another in the middle, and the third person on the right. They seem to be engaged in a friendly conversation, possibly greeting each other or saying goodbye. The scene appears to be a casual and relaxed gathering, with the group members enjoying each other's company."
Ads\Property Ads\1min Property\Grand Park Real Estate.  Meredith Lipscomb 60 second Property ad..mp4,"The video features a woman standing in a field of grass, wearing a black shirt and jeans.Ъ. She is holding a cell phone in her hand and appears to be taking a picture of the surrounding area. The woman is standing in front of a beautiful view of a mountain range, which can be seen in the background. The field is vast and open, with a few trees scattered throughout the area. The woman seems to be enjoying the scenery and capturing the moment with her phone."
Ads\Property Ads\1min Property\Grand Park Real Estate.  Meredith Lipscomb 60 second Residential ad..mp4,"The video showcases a large, beautiful home with a red brick exterior and a white roof.Ъ. The home is situated on a hillside, and the surrounding area is covered in trees. The video begins with a close-up shot of the home, followed by a panoramic view of the entire house. The camera then pans around the house, showcasing the various features and details of the home. The video provides a comprehensive view of the house, highlighting its architectural design and the surrounding natural environment."
Ads\Property Ads\1min Property\PANNA 8 Real estate AD _Directors cut 60 Secs.mp4,"The video features a woman standing on a stage, wearing a beautiful gold dress.Ъ. She is singing into a microphone, and the stage is well-lit with bright lights. The woman's voice is clear and powerful, captivating the audience. As she sings, she moves her hands gracefully, adding to the overall performance. The stage is decorated with a chandelier, and the woman's dress is elegant and flowing, complementing her performance. The video showcases the woman's talent and the beauty of her performance, making it an enjoyable watch for anyone who appreciates music and the arts."
Ads\Property Ads\1min Property\Southeastern Real Estate commercial.mp4,"The video shows a family gathered around a dining table, enjoying a meal together.Ъе"
Ads\Property Ads\1min Property\UNITAC BUILDERS & DEVELOPERS.mp4,"The video features a woman sitting at a table with a chessboard in front of her.Ъ. She is holding a pen and appears to be writing on the board. The woman is wearing glasses and has a smile on her face. The room is well-lit, and there are several books scattered around the table. The woman seems to be enjoying her time, possibly working on a project or engaging in a creative activity. The video captures a moment of focus and concentration, as the woman appears to be deeply immersed in her task."
